Artists,Venue,Date,Time,Price,Tickets,Link,Presents,Description,LastUpdated,Scraped,Cancelled,CancelledText,CancelledLink,Image1,Image2,Image3,Date
The Barbara Baker band ,Bingley Arts Centre,2026-09-20,2pm - 4pm,Free,,https://www.bingleyartscentre.co.uk/events/winter-concerts-the-barbara-baker-band,,"Part of the Bingley Winter Concert programme for 2026-27 put together by Bingley Town Council, Bingley Arts Centre, and Bingley Music Town.",2026-09-02,,,,,,,,20/09/2026
Band of the Royal Yorkshire Regiment,Bingley Arts Centre,2026-10-11,2pm - 4pm,Free,https://www.bingleyartscentre.co.uk/events/band-of-the-royal-yorkshire-regiment-military-band-concert,https://www.bingleyartscentre.co.uk/events/band-of-the-royal-yorkshire-regiment-military-band-concert,,"Experience the sweeping grandeur of cinema’s most iconic melodies in “Music from Stage & Screen,” a concert celebrating the legendary sounds that have defined generations of storytelling. 

This is a free seated event, it is advised to reserve seats in advance. Donations will be taken on the day.

Part of the Bingley Winter Concert programme for 2026-27 put together by Bingley Town Council, Bingley Arts Centre, and Bingley Music Town.",2026-09-02,,,,,,,,11/10/2026
Pop Up Brass,Bingley Arts Centre,2026-11-15,2pm - 4pm,Free,,,,"Part of the Bingley Winter Concert programme for 2026-27 put together by Bingley Town Council, Bingley Arts Centre, and Bingley Music Town.",2026-09-02,,,,,,,,15/11/2026
Christmas Lights Switch On,"Bingley Town Square
",2026-11-22,TBC,Free,,,,"Part of the Bingley Winter Concert programme for 2026-27 put together by Bingley Town Council, Bingley Arts Centre, and Bingley Music Town.",2026-09-16,,,,,,,,22/11/2026
Airedale Youth Choir,Bingley Arts Centre,2026-12-13,3:30pm - 5:30pm,"Adult £16, Child £11",https://www.bingleyartscentre.co.uk/events/bradford-airedale-youth-choir-a-choral-christmas-cracker,https://www.bingleyartscentre.co.uk/events/bradford-airedale-youth-choir-a-choral-christmas-cracker,,"Bradford and Airedale Youth Choir, Ilkley Youth Choir, and Ilkley Stage Singers would like to warmly welcome you along for an afternoon of festive Christmas music!

Part of the Bingley Winter Concert programme for 2026-27 put together by Bingley Town Council, Bingley Arts Centre, and Bingley Music Town.",2026-09-02,,,,,,,,13/12/2026
All Together Now Choir,Bingley Arts Centre,2026-12-20,2pm and 5pm,£13,https://www.bingleyartscentre.co.uk/events/the-spirit-of-the-season-all-together-now-choir,,,"Come and join the fabulous All Together Now Community Choir for their traditional Family Christmas Concert that is guaranteed to get you feeling festive. All profits go to local Yorkshire Charities. 

Part of the Bingley Winter Concert programme for 2026-27 put together by Bingley Town Council, Bingley Arts Centre, and Bingley Music Town.",2026-09-02,,,,,,,,20/12/2026
Anchor Big Band,Bingley Arts Centre,2027-01-17,2pm - 4pm,Free,,,,"An established and well respected Big Band from Shipley in Bradford . 

Part of the Bingley Winter Concert programme for 2026-27 put together by Bingley Town Council, Bingley Arts Centre, and Bingley Music Town.",2026-09-02,,,,,,,,17/01/2027
Eddie Earthquake and the Tremors,Bingley Arts Centre,2027-02-07,2pm - 4pm,Free,,,,"Authentic and energetic beat combo with great harmonies playing rock n roll and pop hits and obscurities from the 1950s and 60s. Part of the Bingley Winter Concert programme for 2026-27 put together by Bingley Town Council, Bingley Arts Centre, and Bingley Music Town.",2026-09-02,,,,,,,,07/02/2027
Park Avenue Jazz Quartet,Bingley Arts Centre,2027-03-21,2pm - 4pm,Free,,,,"Part of the Bingley Winter Concert programme for 2026-27 put together by Bingley Town Council, Bingley Arts Centre, and Bingley Music Town.",2026-09-02,,,,,,,,21/03/2027